ensembl_gene_id,entrez_gene_id
9070ab00-7976-4b1f-a278-a2f9c67aa6df,TCGA-B2-3924
35803d1d-bed7-43be-af52-ebc6879a55e2,TCGA-B2-5633
2245db59-ab6d-4e1b-b462-9a891918d338,TCGA-B2-5635
35aa48cf-b684-48a9-80b6-83a0a0b75a62,TCGA-B2-5633
99275492-91fa-4f9e-9bba-70cb57fff80e,TCGA-B2-5635
0eec3cb3-1427-45f3-ac93-c2926955bd9b,TCGA-B2-3924
6c638ce6-c585-4b77-b628-1f16877eab52,TCGA-A3-3306
ac6871a8-ad4f-467d-ba20-c2dfb4cf2f3e,TCGA-A3-3320
1f56b678-3107-40b5-8560-e032de18473f,TCGA-A3-3331
d10d5903-2966-47d4-a07f-e1416809a8a8,TCGA-A3-3365
6f94240a-0b2c-4289-97b7-991babd07bde,TCGA-AK-3440
e9dae486-32a6-4544-a123-5fe8f31188a0,TCGA-AS-3778
080c3d7d-2f67-472f-a00a-aebff2246d01,TCGA-A3-3307
828dc351-6721-44db-8df3-ac0141877866,TCGA-A3-3322
1746a5e7-ea34-40eb-98dd-a7be91994497,TCGA-A3-3335
5315c59f-17ae-4243-a461-dbb0d161f926,TCGA-A3-3372
daafc5d9-082f-49c9-b2ca-26692a188520,TCGA-AK-3443
1a6b19a2-bd24-4aeb-aecc-10cd72bba496,TCGA-A3-3308
9d948636-71e8-4cf5-9801-b9302bd2a84f,TCGA-A3-3323
76b3e470-9cab-404a-a4de-22051f8ea19c,TCGA-A3-3336
ccfb541f-ce4b-4cc4-bccb-a3f2074902bb,TCGA-A3-3374
462c489a-227d-49ca-bf7b-0d010c5b0362,TCGA-AK-3444
5e8349c2-d32f-418b-a763-9a904ddaf2f3,TCGA-A3-3311
8a9a599e-5081-4f45-a85a-7d0c8bc8daf9,TCGA-A3-3324
579732c8-0421-472e-9626-750aaa747b05,TCGA-A3-3343
e7d89bbf-16c8-4155-820b-4e800b3741d2,TCGA-A3-3378
f1aecc9d-5b90-445b-8e14-ad0a7c5025c2,TCGA-AK-3447
09fd41c3-2aeb-48be-853a-97e8dccea940,TCGA-A3-3313
8cef9a5c-a58d-4564-b6bf-b4e9c501e0b4,TCGA-A3-3325
4e559530-7d98-4687-af29-012f14734109,TCGA-A3-3346
d22a9e4c-9395-4a30-8cfc-b69a30a5ba06,TCGA-A3-3380
5a81c3ff-1e2a-485a-b17f-0c97e0b0b287,TCGA-AK-3453
e4bc1e3e-6f4d-4c1d-a1ae-e2d5291f9cdc,TCGA-A3-3316
1a680291-8317-4c00-affb-ac1224eda3de,TCGA-A3-3326
85c4cb9b-97fd-4c55-8500-0b78270d747d,TCGA-A3-3352
f2cae235-10f9-41d4-9792-2a68acda26fb,TCGA-A3-3382
1c4c9348-862e-46ec-979e-e31ea7b1c496,TCGA-AK-3455
473b862c-eeb8-4fc2-8a6e-4e8ced3172f2,TCGA-A3-3317
6c176304-6339-4de5-b17f-702f775ce9fa,TCGA-A3-3359
f510f435-4dda-489f-8e50-289151c2bbf0,TCGA-A3-3383
1e20236d-2de5-4d13-a91f-e3375368d444,TCGA-AK-3465
fe397cbf-ced1-4dcd-ae3d-a6f4e2f86576,TCGA-A3-3319
c264da82-98d1-40f6-8988-6880fe03bbe9,TCGA-A3-3363
d71ec4e8-3354-45fc-b381-c7bb149d6251,TCGA-AK-3427
e402aa78-456c-44ae-bc0d-45a9796f4929,TCGA-AS-3777
948351bc-4309-4003-9608-d138f29a4aff,TCGA-B4-5836
0da0b582-e35b-435f-bd61-0af6c17c58a9,TCGA-B4-5834
e51e7072-ba6a-4c6c-a1bd-779662fa57a5,TCGA-B8-5545
0dd694f9-0e0b-4059-afa3-c9352b531b57,TCGA-B0-5698
b7595ded-6a4f-4b99-b415-e206d9dec0b3,TCGA-B0-5712
ea5df763-6e8e-4ca6-85f0-c26ad0618538,TCGA-B4-5832
136d0f22-5e1f-4cb2-ac35-0190488ba0fe,TCGA-B4-5835
54bef608-c63e-4399-9c71-4cc09c029f69,TCGA-B8-5552
75b66b95-746c-4797-8990-d8f02911d90f,TCGA-CJ-5686
e4905c15-84bf-4ed7-9132-f0dda907e4c6,TCGA-B0-5711
0c346280-610d-4b8e-b04f-d1cfe75f5fe3,TCGA-B0-5713
351683ce-0cb9-4184-9c54-94c12787c959,TCGA-CJ-6030
801a271e-5542-47fe-b6a6-914450ab3422,TCGA-B0-5812
2cddbdf5-3719-46b1-bc3d-52ca7628ff0a,TCGA-B8-4146
5b26460c-83ae-43f4-94ca-f07274b49802,TCGA-CJ-6031
474dccd4-0a05-45be-ad6f-6f977cdb4017,TCGA-B0-5710
a765784e-62d3-4f62-bc67-c798538c3f03,TCGA-B4-5838
c98eb57c-1496-472c-84f9-b304cd3da898,TCGA-CJ-6027
ff579c50-5d86-440c-b309-1fcce0a34c73,TCGA-B4-5843
9eaf8ca0-6854-4907-a607-9cac8a0887cb,TCGA-CJ-6028
7a003e13-907f-4b1e-a33a-6a8a5e28af4c,TCGA-B4-5844
94cd42d0-abfb-4b50-84fa-9f8ed04aed0b,TCGA-B8-4153
2524f90e-571c-4666-a818-4270b302faa5,TCGA-A3-A8OX
6d667d47-f952-44f0-8ff7-81878fdb085d,TCGA-6D-AA2E
c440835f-e77d-4f00-ba7f-4e8f59830e55,TCGA-A3-A8OW
a7a06242-5a0f-4d01-adc6-e1fd8e71dca8,TCGA-G6-A8L6
c102a646-1568-4d45-a78b-a1b1bb2a2867,TCGA-T7-A92I
aa592fd0-1364-4905-9c96-f5dd5419459c,TCGA-3Z-A93Z
c1fce018-a90d-460f-b1a3-2a47c73b4f2a,TCGA-B8-A7U6
e1aae7f5-2c17-45bb-90d0-826ce5b7b4b1,TCGA-A3-A8CQ
170d535f-0a42-43ad-abf5-46fdcbf7c51e,TCGA-G6-A8L7
5ce0fbc0-02ad-4680-806f-4c5fc8aea667,TCGA-G6-A8L8
c1944af7-8f6d-464d-b2ed-6314b4d3523b,TCGA-A3-A8OU
242b9a7b-8422-456e-ad92-fb7096a1e372,TCGA-A3-A8OV
1c5b7811-85bc-427b-bc3e-2a583623bd67,TCGA-MM-A84U
a7ebe314-bce1-4928-a36b-5e0266fe172e,TCGA-A3-3347
6f3b3baf-49cc-4291-9346-96c4a8d97095,TCGA-A3-3317
eebccf24-a4f5-4b26-b4d3-c08d60df370b,TCGA-AK-3426
66a9728d-a990-484c-af03-6696a3b56be0,TCGA-A3-3378
33cc9a7a-9cce-433e-99da-be11cfbf0cb3,TCGA-A3-3382
ae911d4c-1bf8-481b-849e-62a40d3a2af2,TCGA-CJ-4637
4f1c3125-193e-4694-9d0e-108bba04902f,TCGA-A3-3383
071b1b80-6d68-4b08-99c0-a0692c7cfed8,TCGA-A3-3323
30a1a85c-217f-4b4a-ae71-6d1900536764,TCGA-BP-4164
f6017066-ca41-463f-a1d3-0f6dfb165796,TCGA-A3-3308
ebe518d4-5a78-4a1c-a62a-8198303086e1,TCGA-A3-3324
7b684839-d0bb-4eae-bb1b-a42496bb7a95,TCGA-AK-3444
4f7de578-c484-4812-90d0-7a0f18fea8c5,TCGA-BP-4167
b735b271-235f-460c-95e2-e0936653f5b0,TCGA-A3-3331
2996b79e-c826-44fc-8f65-eae4877eb50c,TCGA-A3-3351
d832db7b-24a0-4d25-8412-844bd5256a81,TCGA-B8-4619
d7a94f98-a887-4725-8b20-c1e759caf149,TCGA-A3-3313
73657b5a-e76c-4230-8f39-77b8e4d0095f,TCGA-A3-3372
841ef9b5-e348-4844-8ad6-f810bcb1c484,TCGA-A3-3362
89e3cdae-4a55-4d4e-bfe8-063599b086be,TCGA-CJ-4643
b23b2863-abcf-4176-9833-3a31397f9bee,TCGA-CJ-4634
eb12988c-6236-47ff-92c5-fb4d8a0a04e4,TCGA-CJ-4644
2a9695c2-f0bc-445b-8811-5f1442a840dd,TCGA-BP-4161
9f6507f9-f25b-4d44-a2f6-c5265b2fc031,TCGA-CJ-4636
07211fe7-920e-4195-93d6-ff1d28d97732,TCGA-A3-3320
6815da9f-3781-4112-9be1-c69b4917e455,TCGA-BP-4162
31ab845c-aa15-45ab-8e8e-88a04f0cdb7e,TCGA-BP-4163
f399f9d5-11c4-46dc-b4be-fd3c0344882a,TCGA-AK-3443
1a7b6c2d-817b-4f53-bfbe-895d70289de8,TCGA-B2-3923
b495ae30-6bbd-480d-b7fc-e5069c5832cc,TCGA-CJ-4639
b1bdc1e3-fd7b-4951-91d1-fba85b0240f0,TCGA-CJ-4640
feccffb6-6eac-43f3-ac8c-faddccd3f230,TCGA-A3-3311
481a00c2-3400-41b6-af9f-6377e435e7fa,TCGA-AK-3465
14bb5db3-b7b7-4ac7-b25d-ab0fcd7bdb81,TCGA-CJ-4641
b73a7f2d-bf59-4eaa-93e1-47130c346475,TCGA-B2-4102
45fbd97d-1dbe-4804-831e-d8aebf9f8605,TCGA-B8-4620
5b767cb5-10a7-43a7-a784-a262a6a41007,TCGA-B8-4148
fbde7dff-e500-428b-b016-1d016ab01c6b,TCGA-A3-3319
66ed7170-a353-4095-9245-d45652c55457,TCGA-AK-3429
395956de-ac8e-49db-a539-48bbce297114,TCGA-AK-3436
a7b048a5-fa5d-4b21-ab9e-c3b31a839c6a,TCGA-A3-3322
571e1e0a-2041-45ad-b4f8-b91334a03792,TCGA-AK-3456
fae26892-263e-42a9-b3be-ba3613454b0e,TCGA-B2-4098
d3b5fdb9-b132-490c-8ab0-495b459a0c38,TCGA-A3-3374
de65f37e-f99a-44ea-96f4-f7b07624ae39,TCGA-CJ-4638
692d2e57-52da-40c2-99d3-9b34efd53555,TCGA-CW-5589
1248bece-cae6-4eae-b9c3-9cbfd2f150d8,TCGA-DV-5574
e89032a4-e568-4f86-bff7-c159e97f10f6,TCGA-CW-5591
35421767-f48d-4a1a-ae11-30f0b08cf1c6,TCGA-DV-5575
95e104c4-27a4-4aac-a013-eb15810cd5fe,TCGA-DV-5576
60544d57-5fa5-43b2-9183-a21cf14bc724,TCGA-CW-5587
d423b6dc-7583-4866-b64f-6448aafcc50f,TCGA-CW-5588
b9123291-97c1-4e5e-8632-7fad038d45f8,TCGA-DV-5569
76730b2b-5d25-42a2-85a9-aa9224c3b66f,TCGA-DV-5573
afdd1a31-658f-47f3-b185-9968efefb040,TCGA-CW-5590
8679d0cf-d0ac-466b-8072-329b3edc68f3,TCGA-CW-5581
285518c5-33c4-489b-b082-7422c251f3fa,TCGA-CW-5583
90baf5c5-d644-4767-ac48-80b897a3f56a,TCGA-CW-5584
83aecb93-fd07-488e-9719-016da3cbb254,TCGA-CW-5585
2427b22b-a197-4544-b9a1-2833baf97eaa,TCGA-CJ-5689
3b69cde2-c5d6-4d68-ae73-ae3f19e2936d,TCGA-DV-5565
af8840bb-c162-415e-8c4a-0b88e12fc93b,TCGA-DV-5566
e900de33-19f0-478d-bfdb-48759d122dbc,TCGA-DV-5567
ae0aba2f-a419-41ed-83a0-2943b69fb3ab,TCGA-DV-5568
1c7c4d72-3432-4c4a-b249-021f451dd74f,TCGA-AK-3458
633d9407-4aa8-4ed3-868d-5b9f98307a76,TCGA-B4-5377
b7fe8a0c-5513-420e-82fe-7d9b9a77225d,TCGA-B0-4712
6d202af7-0a15-494e-9b39-0ffd548e5316,TCGA-CZ-4866
7fadc407-3674-4fa9-bfd2-307ea9d70d16,TCGA-CZ-5458
97b627a2-9965-47a4-9db4-4969faa1a613,TCGA-B0-4698
f508fc76-cd77-44b6-89e7-69a77b8d745c,TCGA-B0-4816
e9d43b2a-7fcb-445e-ac11-111117e545a7,TCGA-B0-4818
77fe27c1-8a1a-4498-9e64-5a9c530c9076,TCGA-B0-4821
79891c81-fd0d-4a48-ab3d-6382f8853571,TCGA-B0-4852
7fe2fd53-976b-4aea-a281-c7a414c8f035,TCGA-BP-4770
c72b1363-bb03-4565-8872-bf7af9708c13,TCGA-CZ-5463
22286f65-4d73-42ae-bb71-4cc99bccd81e,TCGA-B0-4810
9503c2a7-cad7-4219-9c18-9be789a17455,TCGA-CZ-4864
f21d3f86-cb23-4b10-a01a-be4c63568eb7,TCGA-CZ-5456
1dce3f9f-c00d-49b1-acd2-8335652d48f9,TCGA-B0-4811
2ce4b4c0-0af9-44ce-98f9-056c5b906386,TCGA-B0-4815
2f39dd06-a57e-42e6-8e97-62ecef77549f,TCGA-B0-5402
5a822c5b-c8c7-4b77-8a0d-f254d93833d2,TCGA-CZ-5466
60661bbe-975e-4166-bfdb-58776ed2769c,TCGA-CZ-5459
1d1ebf33-0342-46f3-b41f-00121c8d53c4,TCGA-CZ-5467
f9e2bcc3-cdf0-473c-93cb-0a05c14a31f0,TCGA-B4-5378
88cd346a-3bb0-4fc9-b665-d10af2fd07d1,TCGA-CZ-5452
c683d215-bc08-43fa-9c6d-b6fcad29dc4a,TCGA-CZ-5460
ec7bd4ec-0b3b-46be-aaec-f8d928833bdd,TCGA-B0-4706
2fd33718-133d-4535-9278-4166582c3006,TCGA-B8-4621
927ecbbc-fce9-42e8-9804-2dec7f358880,TCGA-CZ-5453
1db69937-601a-4426-9beb-c131f73f30af,TCGA-CZ-5461
42742aaf-2dea-480a-b944-d933e2e11986,TCGA-B0-4710
ab42959e-23c4-4568-975c-e8549db962f6,TCGA-CZ-5454
55c764ae-b9dd-455c-9c57-2e7c828ff8a4,TCGA-CZ-5462
4aba3b16-2778-443f-8fa6-0389a3794a43,TCGA-CZ-4863
c371f93d-8e67-46b9-84fe-b4a2e882618c,TCGA-CZ-5455
b04c6bdc-4ecf-4aa3-bb55-e4f3173c5b4c,TCGA-B0-5399
4dbc7fe6-5878-429c-9c0c-3ee92fe0d981,TCGA-CZ-5464
63ccf35d-d7cb-4fed-8bad-9035cc35a200,TCGA-B0-5400
37cc956e-d460-4c60-aa76-1fa6a7d482c6,TCGA-CZ-4865
f48ed48b-551e-412e-b044-a4a089def10f,TCGA-CZ-5457
5a4e7dbf-5937-4440-a5c0-dd761ade8138,TCGA-CZ-5465
95ac7c42-5087-4ca9-8fc6-a9d0819a8537,TCGA-CZ-5451
469282b2-4cf8-4236-98f3-7b1a579fa07f,TCGA-CZ-5468
e4999a00-44bc-45ca-b6b7-6025ce63de8b,TCGA-CZ-5469
9babd5ea-1916-4f73-8fe1-033b78c9e8a1,TCGA-CZ-5470
55d5bd66-d498-44c9-9ada-0d1fba807bbe,TCGA-B0-5080
11fe3d0f-ea8c-4c5b-b6f7-3d711c7fd447,TCGA-B8-A8YJ
82f204d0-0f7c-4494-8f2e-8f6be61db7d1,TCGA-DV-A4VX
fd60cded-c794-423a-b147-e1cda6a73e01,TCGA-MW-A4EC
5f59d8ac-6489-477e-b618-f2f5c4bc807c,TCGA-B8-A54F
c28ed935-5779-49bb-8fd5-f6c474cb0cf3,TCGA-B8-A54E
78618f73-2598-40e6-9b5c-87349a6aa249,TCGA-MM-A564
f390ec53-3047-4594-a524-67db91cd92ab,TCGA-DV-A4W0
53720e8d-84b8-460f-bcf4-30f7d16f4c4d,TCGA-B8-A54G
5f503e88-e899-4b6d-947a-c9030431eee1,TCGA-DV-A4VZ
fcc05989-bf54-455d-8130-9a9a424b1189,TCGA-DV-A4W0
1c10831d-5e56-41e7-9f0a-ed6a8e2f3a28,TCGA-B2-A4SR
1e4ef184-e6ba-43d7-bd19-1e1409e91792,TCGA-B8-A54D
ed08be38-16d7-4d75-b24f-2907a9f52fd4,TCGA-MM-A563
a7dfcc0e-f1e4-4df7-9844-3c773cff5ce4,TCGA-GK-A6C7
378f9eeb-2d42-430b-a6b3-62a9bae8a044,TCGA-B8-A54I
1ba2279b-6e5c-41fa-867e-de8f805485cd,TCGA-A3-A6NN
5e7ebdfe-ea67-4a21-bcaf-46fc2744d179,TCGA-A3-A6NL
2c576270-e4ea-4550-8c12-ecec0ea5de0e,TCGA-B8-A54H
9807a748-7b1d-45c6-884a-2057389ca6c7,TCGA-B8-A54K
a697e603-388d-41c4-9724-1c127e0a140c,TCGA-A3-A6NI
8d72f362-e85d-493a-831b-5d99fd646117,TCGA-A3-A6NJ
a2e96259-b139-42fb-863a-6160c5582e24,TCGA-G6-A5PC
4de80542-128a-4c2a-a04b-89655a5ed436,TCGA-B8-A54J
06a17285-3acc-4ed7-b76e-6c9aa7e53f62,TCGA-BP-5007
e6651f41-568a-4634-a76b-25250fc4c989,TCGA-BP-4985
b5ae0bee-0d96-46bd-8a60-79226e9bff8e,TCGA-B0-5088
8e6484e5-ff26-418b-b35c-c7c186c5504f,TCGA-B0-5075
fc63bc1b-63da-4249-992d-4ad661fcdf0d,TCGA-BP-5004
471c575d-ca38-4eab-bc77-c7737b657c2e,TCGA-B0-5077
fa515c0d-29e7-4ba8-9b90-447d8449f43f,TCGA-B0-5084
445e5eb1-ede9-4d57-b567-aacf8eafe7e7,TCGA-B0-5085
50bf06b7-5ca3-4076-9af5-b85419e184d2,TCGA-CJ-4899
488e95d9-1e6a-4179-9579-6e98926bf256,TCGA-CJ-4900
cdc0a674-6d5d-4c46-b1b5-b06b6da301ad,TCGA-BP-4977
48516b5b-52f7-470e-9339-289f7e1db97a,TCGA-BP-4981
ff03dbec-90c2-454e-8ac5-764ac4b5d293,TCGA-BP-4982
f17e35e2-4aab-4893-bebb-aa2acb01a5dd,TCGA-BP-5006
54aee9fb-f97a-4df2-b4f0-6dcaa86233a6,TCGA-B0-5081
697561f5-96a3-44bc-a862-85785369f245,TCGA-BP-4983
1c2f3797-89a3-46f5-8de4-654322466968,TCGA-BP-4994
281e3415-58ee-42f6-8dc8-6fddd00f1936,TCGA-BP-5008
f337c176-ded4-4190-8ca2-99887ad4decc,TCGA-BP-4974
b8c2f47d-2952-4c30-b527-e36b26d51f0f,TCGA-BP-4998
b6eb4497-e9c0-476d-ad6e-2abb0aaf2242,TCGA-BP-5009
dd265a52-0662-41bd-b5a4-9a053866a630,TCGA-BP-4967
b60f3b05-4086-46ad-96a7-9a200fbb3d14,TCGA-BP-4976
a4f8aaac-299b-4ebf-9567-1516df5d60b6,TCGA-BP-4988
bfffe495-66f4-46ed-9a87-2a7d4951b403,TCGA-BP-5000
131314df-8870-4c98-a708-1128b12ae994,TCGA-BP-4960
ffd26882-d25f-4330-a3e4-8a8e0d5bc141,TCGA-BP-4961
bf2d2d39-596b-4fd6-9af5-cd3cb48986a6,TCGA-BP-4970
ac0d6ac4-0dd3-4845-af9b-3e4b6a5b4a6f,TCGA-BP-4991
b14939dd-81a9-4548-9b35-fee29c0fa34b,TCGA-BP-4962
7888fe19-452f-4bd5-8e95-91102b083472,TCGA-BP-4971
a7fcb7bf-e7c5-4a69-a28a-fa25fe7e113f,TCGA-BP-4992
f77f13b3-5a3a-4fa7-a81e-fce2b66f6e48,TCGA-BP-4963
364b5475-d9a7-4344-9428-822499265572,TCGA-BP-4972
1bff6750-00aa-404a-bb0a-c2e467c9b6bd,TCGA-BP-4964
0c18566d-d0f1-4303-b820-5023c9fd0981,TCGA-BP-4995
24afe9bd-7f63-430f-b64a-25bd47724af1,TCGA-BP-4965
fc3348ea-8828-4dcc-b7a1-6f089d55c903,TCGA-BP-4986
9a9b1454-bfcf-464c-93ac-bbb75885cb59,TCGA-BP-4975
5f25e094-b2b8-48b1-a575-cf8f0cec1991,TCGA-BP-4987
81f74461-44ce-4b72-a320-6e819189be3b,TCGA-BP-4999
132de8c1-b0f8-4b6a-a1a5-a022f4db50ce,TCGA-BP-4968
2c74a483-20c0-4f36-a49a-8b16f1ebf9f5,TCGA-BP-4969
827e1e6c-a542-46c4-b4af-9f23dcda9a82,TCGA-BP-4989
8cd9356c-59ed-4ed0-887f-abbb90122897,TCGA-BP-5001
1fd20673-0b6d-4dc2-b7f5-dfd4d226b912,TCGA-BP-4973
38386e07-363e-4a40-b8ba-a90601f8c5a0,TCGA-BP-4959
a7839a3d-eb92-40d2-88e8-93bc3f1ba546,TCGA-A3-3357
6db3fd0b-b319-48ed-8d4d-6d9ae34dadee,TCGA-B0-5083
f5fd7fa9-3ea5-4113-9e09-7d5d648d420b,TCGA-BP-4801
125079ac-7dcf-4763-acbf-c3c653c27694,TCGA-B0-4827
17c263fc-2b82-4bcd-91b0-f8dc9c5302a3,TCGA-B0-5109
540d7a4f-6eba-4744-b1c5-3568798d6a2c,TCGA-A3-3367
5e1c2d58-bf56-406c-8df0-ecfb8c529d65,TCGA-B0-4945
fdf9aa7c-6627-47a4-bf4d-6d59ce1e3b4f,TCGA-B0-5099
ec70645d-8cd5-4c6b-8af2-8bde6921f55f,TCGA-B0-5110
d2a6d564-2694-4802-82b1-a481a6bb52f1,TCGA-BP-4782
ea08d49c-4f44-4e2c-b38a-c2e37a04b768,TCGA-A3-3370
7e79ea8e-8591-4134-bcc7-812f0efbb01f,TCGA-B0-5113
00e5b006-6afc-4ea4-90e3-f29741560020,TCGA-B8-5159
1827c2bb-989f-4a07-bbfd-74eefe0f6798,TCGA-B8-5162
b28f1fe6-fb8d-4c4b-b91d-4a23fa63e662,TCGA-A3-3376
8b3e7707-6007-482a-90aa-00a72df70c93,TCGA-A3-3385
84ef51f3-29bd-4c8d-be17-0930019f325c,TCGA-B0-5095
5c6a97ad-ce18-4735-89f2-f158430f4778,TCGA-BP-5010
c5def69e-6fb6-4515-abcc-5985aada7501,TCGA-B0-4823
40162c04-f41c-4d34-98de-2e7961c35302,TCGA-B0-5096
ae5e490d-5547-45be-a052-55ad2a36833d,TCGA-B0-5107
b84a5123-02a3-4a37-b0d2-791a8473637f,TCGA-B0-4842
567fa314-e592-4355-a154-2a6e883a171c,TCGA-B0-5098
2f81a401-9dba-4c94-b5ce-aae730102671,TCGA-B0-5121
755c8515-9dd2-4f6c-b151-afea7f86f0ee,TCGA-B8-5158
7784f2b2-8f06-4fe8-b341-cad88631210a,TCGA-BP-4795
3b662943-e74b-477c-8d21-76c3b40abddf,TCGA-B0-5092
eafba79c-14da-4e4d-a8f2-4605a918e848,TCGA-B0-5102
7709fb43-d435-49b7-99ce-ddfac1ee0f6a,TCGA-B0-5115
b1384df7-f0fc-4e03-8de5-c14c21d45396,TCGA-B0-5094
cf39b22d-b35d-4e1c-a2f6-6ce7526a2014,TCGA-B0-5104
ba06e03e-5033-4e09-99e9-763a6ea1ab0b,TCGA-B0-5116
cf625520-4c28-4208-8eb3-9c5b49bbedbb,TCGA-B8-5163
661bdbef-082c-42b8-b9a2-0dda76101506,TCGA-BP-4993
df42ca28-4dd8-4b71-b77f-9dd7dc46de2e,TCGA-B0-5117
3bcb17f1-296b-4710-b826-6591505e9be8,TCGA-B8-5164
727f969b-ee3f-4e17-bede-655da9d695e8,TCGA-BP-5168
0f330bce-45e2-4f48-858f-8c97b1f02841,TCGA-B0-5097
7ae467b7-b86e-464d-bef4-2be01d17d1b5,TCGA-B0-5108
cecf40f8-7301-4db9-b276-a14317d4dd59,TCGA-B0-5120
61bbca41-3246-461a-9243-b85a785ba484,TCGA-BP-4760
210db1ea-4481-4141-ad03-0d04994dd003,TCGA-A3-3373
1c473701-c725-4cd7-beeb-236f18a82471,TCGA-B0-5106
4cacf837-171d-46e8-a469-3745782668bb,TCGA-B0-5119
afd35b0e-e11d-4d06-b682-45f8c8279b5e,TCGA-B8-5165
1b8126b7-4124-4424-a49e-86942d7713ff,TCGA-BP-4177
07457bbf-0bf7-42f7-a257-84d0d352e792,TCGA-B0-5100
28932329-7cee-4db9-9d36-ce4b80aa4cf6,TCGA-CW-6090
bb9466cb-d595-4ce0-8feb-a3ae9919e415,TCGA-CZ-5988
0e52d456-fbb8-4004-b6bc-43d3c86379f5,TCGA-CZ-5984
ea11d3c1-a492-44d7-8c8a-d1bd89cdabe6,TCGA-CZ-5985
67973a2a-14a7-40db-a5c7-dc25563e3bea,TCGA-CZ-5986
cfb21189-6b4a-419d-a451-903fe931f873,TCGA-CW-6093
4aeb7833-ced0-42d4-ab79-a287e9b240b2,TCGA-CZ-5982
1af3e9e0-e25e-4f26-aecf-2e51968b92ea,TCGA-CW-5580
5be6f4db-db17-4fe4-9c88-551e6ba39045,TCGA-CW-6087
56fb74fe-18d3-4a02-a88c-40f3036469d4,TCGA-CW-6088
3c3c0c23-e9ea-4491-b7e1-67aff8d85608,TCGA-CZ-5989
01fa8be7-e431-4184-8459-5d8c2bd84d19,TCGA-CW-6097
ddcae0b1-b80a-4e11-944b-92b1a6e5d4d9,TCGA-EU-5907
d5ebd03e-0c64-40bb-8555-fa478597be55,TCGA-CJ-6032
a1a0ffaf-babf-4eb8-a747-f11d81f5f5ab,TCGA-EU-5905
4d7b6ac4-7b4f-441f-a5dd-93e44f09ad5f,TCGA-EU-5906
3b054daa-befa-4ed8-80fc-7fb2c03de8a3,TCGA-CZ-5987
0209c82e-96df-4a0f-8008-b1747d357109,TCGA-EU-5904
ec4c41bc-0fdb-46e7-a78a-1a43c69ecb5c,TCGA-CJ-6033
d70fc66c-68bd-416d-9468-4b2a9bbccb60,TCGA-AK-3461
3a3d1838-e117-4624-9f68-8b8104072a2d,TCGA-AK-3445
66ea150e-5a5a-4bfa-bbd0-38e6f801fbe0,TCGA-B0-4817
88a7b87a-c407-4d4c-8129-89150d1879ec,TCGA-BP-4777
b77bbea1-b5f2-4cb8-9244-4e350c101a43,TCGA-BP-4775
6c243712-5d6c-4bae-9d7e-2db4c8d075e8,TCGA-AK-3425
5122aa39-380c-49d2-9c8e-62cd337962e5,TCGA-B0-4707
ab748f35-dad3-4781-8702-a2300f8a44a7,TCGA-B0-4822
bdead3a4-914a-44c8-b23e-27196fb114c6,TCGA-AK-3454
4cfbb84a-919e-44c8-adbf-87e4b828ca6b,TCGA-B0-4693
fe334858-aac7-45a8-a0f1-a9c521f0db97,TCGA-B0-4713
6b4309b1-08c7-43b0-a53e-b08b0001a754,TCGA-AK-3431
61146e0e-16bb-4059-b7cc-ee73092ea01d,TCGA-B0-4714
970f9a52-0e61-4ae1-8a02-d840544f1d69,TCGA-AK-3433
9e5b6046-1d2c-44af-8430-421ec0036bb6,TCGA-B0-4696
cde29c44-707b-44df-85a7-f6cc5b217919,TCGA-B0-4718
66724bdb-7ae3-45a9-bde2-de262771e336,TCGA-AK-3434
b5640538-8ba5-4924-acaa-86e0c1fafaa0,TCGA-B2-4101
879019da-b983-4215-89ab-b7e22c3d52b6,TCGA-B0-4813
821deb37-aed1-4741-bfd8-96e188efc6af,TCGA-AK-3440
e1bbc949-3888-4bd3-9c93-26e3dbd0897d,TCGA-B8-4622
c10f46a8-d781-4ed1-b393-ae696c15d700,TCGA-B0-4688
5879cac8-0f80-42c3-a26d-b1e7eaf88470,TCGA-AK-3450
9c780ddd-5dcf-4bf0-bf31-c21c1d3d52f9,TCGA-B0-4690
30523395-1c7f-429d-aa32-74d425255959,TCGA-BP-4776
3b951273-0924-484b-b7b7-415e1a6a9990,TCGA-AK-3453
c6324e2e-3f81-464e-aa5c-a21da51b0134,TCGA-B0-4691
6a6bbfc1-f326-4014-b939-e35a7c603e73,TCGA-B0-4847
27ab8b13-7be9-4d1c-9b30-44a84f77b13e,TCGA-AK-3428
54d0d49f-3c23-4435-97ff-6ae7cb69da39,TCGA-B0-4824
ce29c8d1-610f-41d4-b60a-143cfd4a0799,TCGA-B0-4848
4734d6ee-b503-44fa-8937-65bfc5237da4,TCGA-AK-3460
fafa3c75-8ad1-4d5b-881b-794e6b92bcfc,TCGA-B0-4694
b16e7176-c496-48b8-803b-92d1983cd8a0,TCGA-B0-4828
81b43c11-3606-44f6-b171-4cf4df85416c,TCGA-B0-4849
d696c584-c19d-4f8f-a35f-2f099c6a7d81,TCGA-B0-4841
aebc659a-baae-4c36-a084-f172c0689527,TCGA-B0-4697
cc54a3ef-5a7d-48d8-b8b4-66e6a88717c8,TCGA-B0-4843
80718cf6-0968-4517-ad9b-022eccc38294,TCGA-B0-4699
860e3ba7-9f73-447d-bdd7-e6c9aad57a25,TCGA-B0-4814
54fcd79b-a818-496f-b7d7-8293b4cd2963,TCGA-B0-4844
1ebf06c0-0491-4596-8b36-980486adf709,TCGA-B0-4845
0d883d6d-3e36-401c-8bb9-7aca0a2695e3,TCGA-B0-4703
d2dea11d-8467-44cd-bedd-92c01d198818,TCGA-B0-4819
46fac75c-1a95-41a4-9290-715867726430,TCGA-B0-4846
2c57b2bc-437e-498d-a926-a1456ef1f368,TCGA-B0-4701
25c61f18-d7ca-432c-b4ec-9d4fa01d7453,TCGA-B8-4619
684957e4-fce0-45d4-b97f-2baf3809fc97,TCGA-B8-4620
17b5f440-f90d-48ca-aca9-d5dd99ca1459,TCGA-B8-4622
1ffdf404-76b9-4ee5-852e-c36669c1f1c9,TCGA-BP-4784
9516815a-df09-4c33-abeb-72c2d1fc8d62,TCGA-CJ-4635
71ac5f36-a104-4923-b2a8-786166793820,TCGA-BP-4804
8a0a5c47-0f1d-4e9d-b449-bdbd20959dec,TCGA-B0-4833
ea77fe19-5ebb-4201-86ea-bb93a70ea6d5,TCGA-CJ-4642
3511fd47-49e2-41c5-a55a-7bcbbfd44ab2,TCGA-CJ-4876
521d43d9-882f-42dd-ad21-ef5b6df5dae9,TCGA-CJ-4881
b8d3f353-e8e5-4a95-8da5-3d76f7fc6ad3,TCGA-BP-4799
781edd04-2fde-4923-8604-7bb2f48e900c,TCGA-CZ-4862
eaa9e86e-b465-475e-9a9a-605352a15c12,TCGA-BP-4803
5874682b-deb6-4329-8f9c-385837194d0c,TCGA-CJ-4874
ca7f02b9-afbc-4a62-9b89-0526ae25b550,TCGA-CJ-4887
8adbe414-7019-4ac0-b590-b8759ec6306d,TCGA-CJ-4895
4465a2bf-c030-4739-a231-7f87752bb51d,TCGA-BP-4787
25cc74ea-67cc-4314-aa69-cc934bf143ed,TCGA-CJ-4875
bc614554-16b0-4ed4-9cfe-b6f3281a0d77,TCGA-CJ-4888
2c487d13-c7c9-4c94-8639-7ae135add65f,TCGA-CZ-4854
15c996ea-d516-4fc2-8492-5a1e7d3658f9,TCGA-BP-4789
aed22f7c-85ac-4bef-8f4d-69db9c438840,TCGA-CJ-4889
95abbe14-bb84-4597-9ab9-228d1cfd41b6,TCGA-CZ-4857
6bdfb118-4048-4b08-be2d-1c48ef4d3357,TCGA-BP-4790
248a1108-085c-4e8c-9fa5-5ef08ed7fbf8,TCGA-CJ-4868
592a914e-c40d-4242-8d92-d0bb475eecf5,TCGA-B0-4836
576879fd-a58b-4347-ab97-0e845d9010d0,TCGA-CZ-4858
a6822620-b140-4c7b-872c-89010bf97a4c,TCGA-CJ-4878
846f4387-ac71-48ca-9e7b-b35476bcebe9,TCGA-CJ-4890
737b096a-0ac4-4ad8-b7ae-9c80aad0a71e,TCGA-B0-4837
4532e72e-b536-424a-8055-e2f371539516,TCGA-CJ-4870
4283c580-3273-472d-935a-6b154f2b34db,TCGA-CJ-4891
c0c10256-6623-4ec8-bc49-68a00f0ab714,TCGA-CZ-4860
8a118711-b0d6-428a-b185-b83fae590873,TCGA-BP-4798
c3b83d2b-64f8-4dc7-8145-4e1ab9fc94e6,TCGA-CJ-4871
bffcfe7e-1a7c-4a5c-ba4f-7ae4c27fcbd3,TCGA-CJ-4884
be2ba81a-049a-4767-8a66-bcd9ab5f6cfe,TCGA-CJ-4892
1f557bda-b156-4420-af18-58ae6a582fa6,TCGA-CJ-4872
af6b243e-ba09-4289-bb9b-46b61e6a4e8b,TCGA-CJ-4885
4d23ae7e-e40a-4091-9df6-641f0960c4c6,TCGA-CJ-4893
7130cc6a-1a60-4132-8920-729351479104,TCGA-CJ-4873
f5935789-e86f-477d-b48b-2608b8b38d1c,TCGA-CJ-4886
c816f1b5-a581-4c20-9ca3-1e69eca03be6,TCGA-CJ-4894
f3751301-e7bf-4fdd-bdf1-735d01b54353,TCGA-BP-4797
46592e9a-f272-49f2-a65f-55100a9b7d79,TCGA-B0-4838
e0738da6-a005-4886-9786-f5bbc0ad3ee6,TCGA-BP-4781
021d7f63-eeee-49e1-82c5-435df6f1b415,TCGA-BP-4807
ff2d2937-f580-4a87-93f7-61f5551c4ba4,TCGA-B0-4834
601192ef-0bd7-46ff-adb5-9b924cd3c60c,TCGA-CZ-4861
6ec71682-bc47-4060-972f-f263b7f9e6a1,TCGA-B0-4839
b9a4a9aa-c846-4329-a816-44f417cb46e9,TCGA-A3-3362
5360893b-9b29-46e2-9629-996c93ec71dd,TCGA-CJ-4636
4689e317-748f-4f6c-bb02-1d7e15c511ff,TCGA-B2-4099
567f5674-472a-44b4-a2c3-e570db730b94,TCGA-CJ-4637
163d1c50-062e-4ba2-8be0-1eb40fb553d6,TCGA-B8-4620
64541ecf-098c-47af-a340-4dfbd0107788,TCGA-CJ-4643
85153c58-b81a-4f9d-9500-ad26fef50acd,TCGA-A3-3347
b59e1e9f-2de9-4966-a7a7-df1ae5bed7c5,TCGA-AK-3429
c20657ca-8de4-4033-a878-219f850fd444,TCGA-BP-4163
46f0a3d4-140d-4063-851e-0700e8d6453c,TCGA-B2-3924
d9f70dcc-46c4-4de2-a882-315cfd646bc1,TCGA-BP-4164
ae314ec9-d4ac-426f-bf9f-b09ada41d65b,TCGA-CJ-4640
732f3823-88ad-4519-9dc5-60da62e21d45,TCGA-B8-4143
7bbda28c-4bd7-409e-9019-7f5b4927c7f0,TCGA-B8-4148
bfdf29e2-df03-46e5-af0c-e13b05b15abe,TCGA-BP-4161
afbc2682-bfa2-44b1-bfa5-5c07ac95c9d8,TCGA-CJ-4638
5be2741d-a512-4159-a913-e95690e8d4a9,TCGA-B8-4154
a0d6ce53-7040-4c82-8d39-bb8d546ff189,TCGA-AK-3451
e74adcff-a7c1-4e17-9a57-b94c6a4ab91f,TCGA-AK-3430
fa703a4b-1b5f-49a5-a5ba-1e2b91dba6e5,TCGA-BP-4167
42c762c3-d828-4a4a-b906-20ac2cc6c1b3,TCGA-AK-3426
366e1c2f-f880-420c-9f72-b4aa77cd4259,TCGA-B8-4619
c7009587-8444-4b5f-af88-2a2e6f3783a0,TCGA-B2-4098
3bb624ab-8e5d-41df-b732-02a3681bc81d,TCGA-AK-3436
97ac3ad7-7291-466f-985d-97d50385af52,TCGA-CJ-4644
db457275-6bad-4fb6-9948-86833e3cf15f,TCGA-BP-4162
aad5fe76-0f41-4273-9338-a581d17cfe6a,TCGA-B2-3923
4615cb11-0472-40c9-b2a2-e4584e8f40e2,TCGA-CJ-4639
58a8ccd2-eac0-4ed4-a86f-b24dfc10e7d6,TCGA-B8-4151
5606c8f3-515c-4f93-834d-3c1e2510f8e4,TCGA-CJ-4634
11e91e23-d1c5-4a30-bd07-24121bb57596,TCGA-A3-3349
0efb8bcf-71ab-4a87-b1ad-de1bbe7f43d4,TCGA-CJ-4641
a588fef4-8f05-4f17-a09a-3cd7d2a294e3,TCGA-AK-3456
0b3f3933-cdc3-4375-a494-933702c24bfe,TCGA-B2-4102
7181379b-1d8a-4d22-818d-b3f7c20a38be,TCGA-A3-3351
1765d7e6-bd22-4bff-9b54-9807c78183a3,TCGA-B0-4700
849fecba-15d2-40a0-9c7e-9944400bf718,TCGA-B2-5639
c817810e-2188-488d-84d2-def1fc7133f9,TCGA-A3-3387
4855f19b-a968-4398-9840-e69ec5798f24,TCGA-B8-5546
4bcbd546-e15d-4b48-9211-b9dbb27c951c,TCGA-B8-5549
f12b2786-d5f4-4dbb-834f-db29b9f28a95,TCGA-B8-5551
8d384c2b-ac26-4474-a00f-4185d4359df7,TCGA-B0-5692
b74f3652-d3d4-4950-864d-f78b16223ff5,TCGA-CJ-5680
729632fe-4460-4467-b7d9-ad7a3e0cef18,TCGA-B0-5693
f823ef56-b070-4983-a2b2-c77b6c45f5f7,TCGA-CJ-5672
88c58948-d5d6-4f4b-a198-0ad9a2592550,TCGA-A3-3358
10528f43-969d-4456-bf84-86cc54bcc011,TCGA-B0-5695
3f2c2976-0966-4b05-89a5-6aa6018d4582,TCGA-B0-5705
39fe3964-c78e-42b1-b006-418f69175a55,TCGA-B2-5641
e0c2417b-c44e-4a32-bf6f-8ce868d680f1,TCGA-CJ-5675
221a711c-78f2-47b2-b0a7-e03bbdf7428d,TCGA-CJ-5683
922de789-e767-4eb3-a272-62be48611db6,TCGA-B0-5696
d7a6c18e-82ef-4cec-a11c-56847983950c,TCGA-CJ-5676
bfc37544-b74d-436a-9884-3ad9f664fec7,TCGA-CJ-5684
41d138fb-cc75-4790-a72a-4256b0c5ed11,TCGA-B0-5697
599642a3-f8b7-46d7-ad1c-f2ab0930b9f3,TCGA-B0-5707
cbc7213b-2973-44a6-b743-c09183392633,TCGA-CJ-5677
181394e4-c283-44a5-a79a-65d80d6c4ee1,TCGA-B0-5690
263036f7-35d2-4d77-a661-44cfc7a2605e,TCGA-B0-5699
6f3711b4-b64d-43bf-931b-b1439f7ea4a6,TCGA-B8-5550
cbbf88c2-47bb-401f-8a8c-009685258a25,TCGA-CJ-5678
97d0512e-86c9-4e8d-8bfc-45bc0ff20ef0,TCGA-B0-5691
bfee6566-afba-4fd2-9845-6a067c080ee0,TCGA-B2-5633
f7272563-39ca-4a5d-bf68-a9d265470080,TCGA-CJ-5679
231e6dba-a7c4-4ff3-a714-39f53987755e,TCGA-B2-5635
fdfc79bc-e8f1-4523-9f8e-db88fd21adbb,TCGA-B8-5553
e7a4a7e0-7d47-44e0-9724-d8fb1df4e572,TCGA-CJ-5671
22c29bfe-8f0c-40f8-ade1-12cdf92945d4,TCGA-CJ-5681
61469119-f250-451a-8ceb-3cad1159cbb6,TCGA-B0-5694
7fe8c0e5-020b-4142-9134-f9c1f9228b77,TCGA-B0-5703
5be01fef-7974-4edc-b0c2-3b4f718593a2,TCGA-CJ-5682
dcc93038-1276-45d3-a209-c914ce4b9f77,TCGA-B0-5706
8885b5d8-a67a-4cd0-9905-0a4a73231b87,TCGA-B0-5709
bf8a9af4-23ce-493b-95a2-f1f4e37384f2,TCGA-B0-5701
8db15af4-a042-4249-b994-33113c5f2347,TCGA-B0-5702
134a1f1e-907d-406f-ae56-a2fef8de7275,TCGA-BP-4338
eced6fa8-1d5e-4d5c-81f4-42a1fb4bf032,TCGA-BP-4769
aa425ade-10a0-408f-9629-6b4e8e692764,TCGA-BP-4762
9b856086-5ec9-49d6-8e3d-70e9c1fb91ca,TCGA-BP-4325
48f51c93-71ae-413b-b6e5-88d20e5a4850,TCGA-BP-4165
de7cb6be-4dd7-44e8-9a3e-fcb3aa9788b9,TCGA-BP-4326
205507ae-1fe1-459f-b3eb-942b98bf03b2,TCGA-BP-4756
381a3a11-51e7-4d8c-98cd-7a3a0b7c87eb,TCGA-BP-4166
c5ee5d19-7b0a-46f2-9c62-d7c8a5fece6f,TCGA-BP-4327
dc8f524d-77bc-484f-abcf-7dc03ce08c69,TCGA-BP-4158
7c55b57f-19fa-4c14-b22f-14c7dd3b257e,TCGA-BP-4174
3b2e7a71-b30e-4756-b025-dcb73662f4cf,TCGA-BP-4332
c85215a7-43d8-4c10-9d61-2c42cb8859e1,TCGA-BP-4343
6d838fe5-3169-474e-b62a-4a84a194ece9,TCGA-BP-4763
f7ea0d76-ee3c-4a4c-831d-029d97f9e68b,TCGA-BP-4159
f010b0c4-d9a5-49ef-b17c-1a16df46e8a9,TCGA-BP-4334
978265cd-6e96-4c72-ba67-10747ed52cc3,TCGA-BP-4344
b3acc13a-abda-424f-ac25-86c47de23bb9,TCGA-BP-4354
35b57512-4e7a-481b-9b1a-782b5d5c198f,TCGA-BP-4765
79e5545b-0f08-45e8-a63b-fddc47a7a015,TCGA-BP-4335
22c4dd32-19bc-4268-a0dd-ca4b9760726a,TCGA-BP-4345
5513b072-9a4d-49c9-9c15-0200460492b9,TCGA-BP-4355
ed9b8463-4dfd-44be-8c89-ac50ba430a92,TCGA-BP-4337
391da188-dd73-40a8-afae-2f523354b95a,TCGA-BP-4346
d3b7cba8-45c7-4875-9ebc-52844c518aa3,TCGA-BP-4768
ada4a13a-2424-40b1-aae3-c5ba922205bc,TCGA-BP-4347
88160789-4713-4534-ba3d-a4746844d40a,TCGA-BP-4758
0e7a59e5-ecbf-4ac6-8e06-8ea1de1c94a2,TCGA-BP-4169
fc5ca24a-0afa-4942-be0d-9dd11e592831,TCGA-BP-4329
94d12be8-c286-46d4-a8c4-ff33f4ddd243,TCGA-BP-4340
60d6d0f9-229a-4484-9ec6-7f75b64b486a,TCGA-BP-4349
9c60eb3f-88c1-4ada-ad6c-435b962089cc,TCGA-BP-4759
3397d533-6c41-479a-854b-b332c4944159,TCGA-BP-4771
d7be7952-0300-43f5-944d-9645f92e8606,TCGA-BP-4170
5a3ddf9f-7c62-4332-bd3c-c3432eebcac2,TCGA-BP-4330
287b399d-e382-46e4-8a6f-97543f3bc486,TCGA-BP-4351
2d457722-539a-41ad-abd8-dd39e5e5022e,TCGA-BP-4761
23375ea6-23cc-47f7-bff4-fe5ee9f8c0af,TCGA-BP-4774
06daa4e5-bb51-4ce5-9f84-727ef2e0f966,TCGA-BP-4173
c0c1c5dc-1738-4a43-926a-6227b79bb024,TCGA-BP-4352
cc354d0a-1ffe-42ac-9ea3-3e4d07a89e26,TCGA-BP-4176
5a869921-d425-418d-ae15-373f696c498a,TCGA-BP-4160
e960c3e6-e344-47b5-b1fa-0aaf0d153b88,TCGA-BP-4766
ae7b16ab-bc6a-410c-8ba7-574fa7c2e0cd,TCGA-BP-4341
5bfd480d-b6de-4082-bed2-a50519d3b830,TCGA-BP-4331
3ea29919-e967-4138-86c6-0f7c85e71592,TCGA-BP-4342
12ef36ac-752d-4840-8d6b-39e950467878,TCGA-BP-4353
ddae6049-ff64-463a-9059-e7ff75a34353,TCGA-CJ-4902
e7042ae9-f0e8-4785-b258-faaeb56418bf,TCGA-BP-5190
f44c75a1-6d4c-4da7-8b08-9077b5ad837f,TCGA-CJ-4904
8fe0cc41-4c87-4f2a-8a88-c3d4a2e2b373,TCGA-CJ-4905
f730aa89-abae-455c-90df-236fec3427cd,TCGA-BP-5184
65d67596-ecf7-49e5-b9b7-309ed314ae46,TCGA-CJ-4907
b93519c7-bef5-4f7b-9fac-a4bfc7274c85,TCGA-CJ-4897
7b2694d8-c261-4a98-b9f4-ddf22e0c1fef,TCGA-BP-5169
de41914a-22b8-4138-bc48-bdecee4897e5,TCGA-BP-5180
a4832c9e-7b8f-4fef-8b4e-be9b7eb3b14b,TCGA-BP-5199
ee3a5c0b-590f-4833-bf43-479fa5488b1c,TCGA-CJ-4916
8fc662cd-91cb-4d79-9181-079614536d53,TCGA-BP-5170
cc74511b-afbf-4faa-9f5c-912730bc3cea,TCGA-BP-5181
9b9b9abe-7121-4157-8b32-a573d45c952d,TCGA-BP-5200
1f842894-8a79-4583-80a9-f83b8bf5684a,TCGA-CJ-4903
e8ddcf0d-1c0e-4fd3-be32-06f71c95feb1,TCGA-BP-5173
03698d88-fe0d-4570-9ae7-c466236be052,TCGA-BP-5201
da91c593-f45d-4b8c-9144-f41d5cf999dc,TCGA-CJ-4920
0ed91df0-e1a2-4a45-89d6-fd0ae6401334,TCGA-BP-5174
f86d0eff-e22a-4ce9-bc55-22241b587841,TCGA-BP-5183
a783240e-d2c4-4759-9f11-8f004305782a,TCGA-BP-5192
e0b78829-7b1b-4a0f-8151-039923da908a,TCGA-CJ-4923
13c474f1-f7e2-4578-8d16-cd26bc06ea97,TCGA-BP-5175
885ea937-b22a-4ad1-8e67-1afe23c587c2,TCGA-BP-5194
43dcbbbe-7151-4e3b-b312-61f104174737,TCGA-CJ-4869
d34c0de0-068e-40e3-b516-f9abadc08d6e,TCGA-CZ-4853
cdc1954d-f5c5-4837-be10-60fb671b9afb,TCGA-BP-5176
ad95b288-f161-43db-9e3e-f754d06b5dd8,TCGA-BP-5185
99f2354f-15d4-4bfc-b661-a09cfe6cfed2,TCGA-CJ-4882
c4b84c36-580b-48bd-9ae0-198adcf4f648,TCGA-CJ-4908
67934524-ef35-4ca5-a3ae-1a4039becafb,TCGA-CZ-4856
ca825571-8c6b-4392-97d2-a07f21fe6bd9,TCGA-BP-5177
40597127-7c59-433e-9a3d-f755744f2e7e,TCGA-BP-5186
02d477c4-771f-4d9f-b99a-aef9088d85dc,TCGA-BP-5196
dea9599b-596a-4930-b29b-771ccc9c8143,TCGA-CZ-4859
cd81d188-98d1-4e07-9369-9e03c9252416,TCGA-BP-5178
cfae5bb2-a73d-4eae-bee9-e042b3e8c82d,TCGA-CJ-4901
a60f5414-d608-4906-907a-636c41f91577,TCGA-CJ-4913
b09ca8d7-4a37-45bc-bf96-4702f50aa33f,TCGA-BP-5189
e2ca9f39-ead9-409f-856a-5f99984182dd,TCGA-CJ-4918
a9af13d5-0db6-41ce-87ae-429c8c8e199f,TCGA-BP-5202
f8002580-aabd-4ebd-b0c2-51220bf93fb2,TCGA-BP-5195
f2f68c8e-206e-4893-b0b4-39c40c9bfd94,TCGA-CJ-4912
c6377a48-f3be-47df-9b4f-ac09f5178152,TCGA-BP-5187
e5bf3e2d-8d6a-4cfb-a4fe-a2b2d6dbb697,TCGA-BP-5198
b7890037-b1d0-4d73-b2ab-277eec3b6de7,TCGA-BP-5182
d0ef83db-4ad0-4a78-a9e1-945b5116c79a,TCGA-BP-5191
